﻿<?xml version="1.0" encoding="UTF-8"?>

<shiporder orderid="123"
xmlns:xsi="http://www.w3.org/2001/XMLSchema-instance"
xsi:noNamespaceSchemaLocation="shiporder.xsd">
  <orderperson>ABCD1</orderperson>
  <shipto>
    <name>ABCD</name>
    <address>sdfsdf</address>
    <city>Pune</city>
    <country>India</country>
  </shipto>
  <item>
    <title>Mobile Phone</title>
    <note>Special Edition</note>
    <quantity>1</quantity>
    <price>24555.77</price>
	
  </item>
  <item>
    <title>Car</title>
    <quantity>1</quantity>
    <price>124566</price>
  </item>
</shiporder>